Date,ETF_Total_Net_Flow_mln_usd,ETF_Cumulative_Flow_mln_usd
2024-01-11,655.3,655.3
2024-01-12,203.0,858.3
2024-01-15,0.0,858.3
2024-01-16,-52.7,805.6
2024-01-17,453.8,1259.4
2024-01-18,-126.6,1132.8
2024-01-19,43.6,1176.4
2024-01-22,-87.4,1089.0
2024-01-23,-106.1,982.9
2024-01-24,-158.3,824.6
2024-01-25,-79.8,744.8
2024-01-26,14.8,759.6
2024-01-29,255.1,1014.7
2024-01-30,247.3,1262.0
2024-01-31,197.6,1459.6
2024-02-01,38.5,1498.1
2024-02-02,80.0,1578.1
2024-02-05,68.1,1646.2
2024-02-06,33.6,1679.8
2024-02-07,146.0,1825.8
2024-02-08,405.0,2230.8
2024-02-09,541.5,2772.3
2024-02-12,493.4,3265.7
2024-02-13,636.3,3902.0
2024-02-14,339.7,4241.7
2024-02-15,477.4,4719.1
2024-02-16,330.3,5049.4
2024-02-19,0.0,5049.4
2024-02-20,135.6,5185.0
2024-02-21,-35.6,5149.4
2024-02-22,251.4,5400.8
2024-02-23,232.5,5633.3
2024-02-26,519.9,6153.2
2024-02-27,576.9,6730.1
2024-02-28,673.4,7403.5
2024-02-29,92.3,7495.8
2024-03-01,-139.6,7356.2
2024-03-04,562.7,7918.9
2024-03-05,648.3,8567.2
2024-03-06,332.0,8899.2
2024-03-07,472.5,9371.7
2024-03-08,223.0,9594.7
2024-03-11,505.4,10100.1
2024-03-12,1045.0,11145.1
2024-03-13,683.7,11828.8
2024-03-14,132.7,11961.5
2024-03-15,198.8,12160.3
2024-03-18,-154.3,12006.0
2024-03-19,-326.2,11679.8
2024-03-20,-261.5,11418.3
2024-03-21,-94.0,11324.3
2024-03-22,-51.6,11272.7
2024-03-25,15.4,11288.1
2024-03-26,418.0,11706.1
2024-03-27,243.5,11949.6
2024-03-28,182.8,12132.4
2024-03-29,0.0,12132.4
2024-04-01,-85.7,12046.7
2024-04-02,39.5,12086.2
2024-04-03,113.5,12199.7
2024-04-04,213.4,12413.1
2024-04-05,203.0,12616.1
2024-04-08,-223.8,12392.3
2024-04-09,-19.4,12372.9
2024-04-10,123.7,12496.6
2024-04-11,91.3,12587.9
2024-04-12,-55.1,12532.8
2024-04-15,-36.7,12496.1
2024-04-16,-58.0,12438.1
2024-04-17,-165.0,12273.1
2024-04-18,-4.3,12268.8
2024-04-19,59.7,12328.5
2024-04-22,62.2,12390.7
2024-04-23,31.6,12422.3
2024-04-24,-120.6,12301.7
2024-04-25,-217.6,12084.1
2024-04-26,-83.6,12000.5
2024-04-29,-51.6,11948.9
2024-04-30,-161.6,11787.3
2024-05-01,-563.7,11223.6
2024-05-02,-34.4,11189.2
2024-05-03,378.3,11567.5
2024-05-06,217.0,11784.5
2024-05-07,-15.7,11768.8
2024-05-08,11.5,11780.3
2024-05-09,-11.3,11769.0
2024-05-10,-84.7,11684.3
2024-05-13,66.0,11750.3
2024-05-14,100.5,11850.8
2024-05-15,303.0,12153.8
2024-05-16,257.3,12411.1
2024-05-17,221.5,12632.6
2024-05-20,237.2,12869.8
2024-05-21,305.7,13175.5
2024-05-22,154.0,13329.5
2024-05-23,107.9,13437.4
2024-05-24,251.9,13689.3
2024-05-27,0.0,13689.3
2024-05-28,45.0,13734.3
2024-05-29,28.3,13762.6
2024-05-30,48.8,13811.4
2024-05-31,48.8,13860.2
2024-06-03,105.1,13965.3
2024-06-04,886.6,14851.9
2024-06-05,488.1,15340.0
2024-06-06,217.7,15557.7
2024-06-07,131.0,15688.7
2024-06-10,-64.9,15623.8
2024-06-11,-200.4,15423.4
2024-06-12,100.8,15524.2
2024-06-13,-226.2,15298.0
2024-06-14,-189.9,15108.1
2024-06-17,-145.9,14962.2
2024-06-18,-152.4,14809.8
2024-06-19,0.0,14809.8
2024-06-20,-139.9,14669.9
2024-06-21,-105.9,14564.0
2024-06-24,-174.5,14389.5
2024-06-25,31.0,14420.5
2024-06-26,21.4,14441.9
2024-06-27,11.8,14453.7
2024-06-28,73.0,14526.7
2024-07-01,129.5,14656.2
2024-07-02,-13.7,14642.5
2024-07-03,-20.5,14622.0
2024-07-04,0.0,14622.0
2024-07-05,143.1,14765.1
2024-07-08,294.8,15059.9
2024-07-09,216.4,15276.3
2024-07-10,147.4,15423.7
2024-07-11,78.9,15502.6
2024-07-12,310.1,15812.7
2024-07-15,300.9,16113.6
2024-07-16,422.5,16536.1
2024-07-17,53.3,16589.4
2024-07-18,37.2,16626.6
2024-07-19,427.2,17053.8
2024-07-22,485.9,17539.7
2024-07-23,-78.0,17461.7
2024-07-24,44.5,17506.2
2024-07-25,31.1,17537.3
2024-07-26,51.8,17589.1
2024-07-29,124.1,17713.2
2024-07-30,-18.3,17694.9
2024-07-31,0.3,17695.2
2024-08-01,50.6,17745.8
2024-08-02,-237.4,17508.4
2024-08-05,-168.4,17340.0
2024-08-06,-148.6,17191.4
2024-08-07,45.1,17236.5
2024-08-08,194.6,17431.1
2024-08-09,-89.7,17341.4
2024-08-12,27.8,17369.2
2024-08-13,39.0,17408.2
2024-08-14,-81.4,17326.8
2024-08-15,11.1,17337.9
2024-08-16,35.9,17373.8
2024-08-19,62.1,17435.9
2024-08-20,88.0,17523.9
2024-08-21,39.5,17563.4
2024-08-22,64.8,17628.2
2024-08-23,252.0,17880.2
2024-08-26,202.6,18082.8
2024-08-27,-127.1,17955.7
2024-08-28,-105.3,17850.4
2024-08-29,-71.8,17778.6
2024-08-30,-175.6,17603.0
2024-09-02,0.0,17603.0
2024-09-03,-287.8,17315.2
2024-09-04,-37.2,17278.0
2024-09-05,-211.1,17066.9
2024-09-06,-170.0,16896.9
2024-09-09,28.6,16925.5
2024-09-10,117.0,17042.5
2024-09-11,-43.9,16998.6
2024-09-12,39.0,17037.6
2024-09-13,263.2,17300.8
2024-09-16,12.8,17313.6
2024-09-17,186.8,17500.4
2024-09-18,-52.7,17447.7
2024-09-19,158.3,17606.0
2024-09-20,92.0,17698.0
2024-09-23,4.5,17702.5
2024-09-24,136.0,17838.5
2024-09-25,105.9,17944.4
2024-09-26,365.7,18310.1
2024-09-27,494.4,18804.5
2024-09-30,61.3,18865.8
2024-10-01,-242.6,18623.2
2024-10-02,-91.7,18531.5
2024-10-03,-54.2,18477.3
2024-10-04,25.6,18502.9
2024-10-07,235.2,18738.1
2024-10-08,-18.6,18719.5
2024-10-09,-40.6,18678.9
2024-10-10,-120.8,18558.1
2024-10-11,253.6,18811.7
2024-10-14,555.9,19367.6
2024-10-15,371.0,19738.6
2024-10-16,458.5,20197.1
2024-10-17,470.5,20667.6
2024-10-18,273.7,20941.3
2024-10-21,294.3,21235.6
2024-10-22,-79.1,21156.5
2024-10-23,192.4,21348.9
2024-10-24,188.0,21536.9
2024-10-25,402.0,21938.9
2024-10-28,479.4,22418.3
2024-10-29,870.1,23288.4
2024-10-30,893.3,24181.7
2024-10-31,32.3,24214.0
2024-11-01,-54.9,24159.1
2024-11-04,-541.1,23618.0
2024-11-05,-116.8,23501.2
2024-11-06,621.9,24123.1
2024-11-07,1373.8,25496.9
2024-11-08,293.4,25790.3
2024-11-11,1114.1,26904.4
2024-11-12,817.5,27721.9
2024-11-13,510.1,28232.0
2024-11-14,-400.7,27831.3
2024-11-15,-370.0,27461.3
2024-11-18,254.8,27716.1
2024-11-19,829.5,28545.6
2024-11-20,773.4,29319.0
2024-11-21,1005.1,30324.1
2024-11-22,490.3,30814.4
2024-11-25,-435.3,30379.1
2024-11-26,-122.8,30256.3
2024-11-27,103.0,30359.3
2024-11-28,0.0,30359.3
2024-11-29,320.0,30679.3
2024-12-02,353.6,31032.9
2024-12-03,676.0,31708.9
2024-12-04,556.8,32265.7
2024-12-05,766.7,33032.4
2024-12-06,376.6,33409.0
2024-12-09,479.1,33888.1
2024-12-10,438.5,34326.6
2024-12-11,223.1,34549.7
2024-12-12,597.5,35147.2
2024-12-13,428.9,35576.1
2024-12-16,636.9,36213.0
2024-12-17,493.9,36706.9
2024-12-18,275.3,36982.2
2024-12-19,-671.9,36310.3
2024-12-20,-277.0,36033.3
2024-12-23,-226.5,35806.8
2024-12-24,-338.4,35468.4
2024-12-25,0.0,35468.4
2024-12-26,475.2,35943.6
2024-12-27,-287.9,35655.7
2024-12-30,-415.1,35240.6
2024-12-31,5.3,35245.9
2025-01-01,0.0,35245.9
2025-01-02,-242.3,35003.6
2025-01-03,908.1,35911.7
2025-01-06,978.6,36890.3
2025-01-07,52.4,36942.7
2025-01-08,-568.8,36373.9
2025-01-09,0.0,36373.9
2025-01-10,-149.4,36224.5
2025-01-13,-284.1,35940.4
2025-01-14,-209.8,35730.6
2025-01-15,755.1,36485.7
2025-01-16,626.1,37111.8
2025-01-17,1072.8,38184.6
2025-01-20,0.0,38184.6
2025-01-21,802.6,38987.2
2025-01-22,248.7,39235.9
2025-01-23,188.7,39424.6
2025-01-24,517.7,39942.3
2025-01-27,-457.6,39484.7
2025-01-28,18.4,39503.1
2025-01-29,92.0,39595.1
2025-01-30,588.1,40183.2
2025-01-31,318.6,40501.8
2025-02-03,-234.4,40267.4
2025-02-04,340.7,40608.1
2025-02-05,66.4,40674.5
2025-02-06,-140.2,40534.3
2025-02-07,171.3,40705.6
2025-02-10,-186.3,40519.3
2025-02-11,-56.7,40462.6
2025-02-12,-251.0,40211.6
2025-02-13,-157.8,40053.8
2025-02-14,66.2,40120.0
2025-02-17,0.0,40120.0
2025-02-18,-60.7,40059.3
2025-02-19,-71.2,39988.1
2025-02-20,-364.8,39623.3
2025-02-21,-62.9,39560.4
2025-02-24,-565.9,38994.5
2025-02-25,0.0,38994.5
2025-02-26,-757.8,38236.7
2025-02-27,-275.9,37960.8
2025-02-28,94.3,38055.1
2025-03-03,-74.2,37980.9
2025-03-04,-143.5,37837.4
2025-03-05,-38.3,37799.1
2025-03-06,-134.3,37664.8
2025-03-07,-409.3,37255.5
2025-03-10,-372.5,36883.0
2025-03-11,-396.3,36486.7
2025-03-12,13.3,36500.0
2025-03-13,-143.4,36356.6
2025-03-14,41.3,36397.9
2025-03-17,274.6,36672.5
2025-03-18,209.1,36881.6
2025-03-19,11.8,36893.4
2025-03-20,165.7,37059.1
2025-03-21,83.1,37142.2
2025-03-24,79.7,37221.9
2025-03-25,26.8,37248.7
2025-03-26,89.6,37338.3
2025-03-27,81.7,37420.0
2025-03-28,-94.9,37325.1
2025-03-31,-71.2,37253.9
2025-04-01,-157.8,37096.1
2025-04-02,220.8,37316.9
2025-04-03,-99.8,37217.1
2025-04-04,-64.9,37152.2
2025-04-07,-109.2,37043.0
2025-04-08,-328.0,36715.0
2025-04-09,-127.2,36587.8
2025-04-10,-149.5,36438.3
2025-04-11,-1.0,36437.3
2025-04-14,1.5,36438.8
2025-04-15,76.4,36515.2
2025-04-16,-169.8,36345.4
2025-04-17,106.9,36452.3
2025-04-18,0.0,36452.3
2025-04-21,387.4,36839.7
2025-04-22,936.5,37776.2
2025-04-23,917.0,38693.2
2025-04-24,442.0,39135.2
2025-04-25,380.0,39515.2
2025-04-28,591.2,40106.4
2025-04-29,172.8,40279.2
2025-04-30,-56.3,40222.9
2025-05-01,422.5,40645.4
2025-05-02,674.9,41320.3
2025-05-05,425.5,41745.8
2025-05-06,-85.7,41660.1
2025-05-07,142.3,41802.4
2025-05-08,117.4,41919.8
2025-05-09,334.5,42254.3
2025-05-12,5.2,42259.5
2025-05-13,-91.4,42168.1
2025-05-14,319.5,42487.6
2025-05-15,114.9,42602.5
2025-05-16,260.2,42862.7
2025-05-19,667.4,43530.1
2025-05-20,329.2,43859.3
2025-05-21,607.1,44466.4
2025-05-22,934.8,45401.2
2025-05-23,211.7,45612.9
2025-05-26,0.0,45612.9
2025-05-27,385.4,45998.3
2025-05-28,432.7,46431.0
2025-05-29,-346.8,46084.2
2025-05-30,-616.1,45468.1
2025-06-02,-267.5,45200.6
2025-06-03,375.1,45575.7
2025-06-04,87.0,45662.7
2025-06-05,-278.4,45384.3
2025-06-06,-47.8,45336.5
2025-06-09,386.2,45722.7
2025-06-10,431.2,46153.9
2025-06-11,164.6,46318.5
2025-06-12,86.3,46404.8
2025-06-13,322.7,46727.5
2025-06-16,412.2,47139.7
2025-06-17,216.5,47356.2
2025-06-18,388.3,47744.5
2025-06-19,0.0,47744.5
2025-06-20,6.4,47750.9
2025-06-23,350.6,48101.5
2025-06-24,588.6,48690.1
2025-06-25,547.7,49237.8
2025-06-26,226.7,49464.5
2025-06-27,501.2,49965.7
2025-06-30,102.1,50067.8
2025-07-01,-342.2,49725.6
2025-07-02,407.8,50133.4
2025-07-03,601.8,50735.2
2025-07-07,216.5,50951.7
2025-07-08,80.1,51031.8
2025-07-09,215.7,51247.5
2025-07-10,1175.6,52423.1
2025-07-11,1029.6,53452.7
2025-07-14,297.4,53750.1
2025-07-15,403.1,54153.2
2025-07-16,799.4,54952.6
2025-07-17,522.6,55475.2
2025-07-18,363.5,55838.7
2025-07-21,-131.4,55707.3
2025-07-22,-68.0,55639.3
2025-07-23,-85.8,55553.5
2025-07-24,226.7,55780.2
2025-07-25,130.8,55911.0
2025-07-28,157.1,56068.1
2025-07-29,80.0,56148.1
2025-07-30,47.1,56195.2
2025-07-31,-114.8,56080.4
2025-08-01,-812.3,55268.1
2025-08-04,-323.5,54944.6
2025-08-05,-196.2,54748.4
2025-08-06,91.6,54840.0
2025-08-07,277.4,55117.4
2025-08-08,403.9,55521.3
2025-08-11,178.1,55699.4
2025-08-12,65.9,55765.3
2025-08-13,86.9,55852.2
2025-08-14,230.8,56083.0
2025-08-15,-14.1,56068.9
2025-08-18,-121.7,55947.2
2025-08-19,-523.3,55423.9
2025-08-20,-315.9,55108.0
2025-08-21,-194.4,54913.6
2025-08-22,-23.2,54890.4
2025-08-25,219.1,55109.5
2025-08-26,88.1,55197.6
2025-08-27,81.4,55279.0
2025-08-28,178.9,55457.9
2025-08-29,-126.7,55331.2
2025-09-02,332.8,55664.0
2025-09-03,300.5,55964.5
2025-09-04,-222.9,55741.6
2025-09-05,-160.1,55581.5
2025-09-08,364.3,55945.8
2025-09-09,23.0,55968.8
2025-09-10,741.5,56710.3
2025-09-11,552.7,57263.0
2025-09-12,642.4,57905.4
2025-09-15,259.9,58165.3
2025-09-16,292.3,58457.6
2025-09-17,-51.3,58406.3
2025-09-18,163.0,58569.3
2025-09-19,222.6,58791.9
2025-09-22,-363.1,58428.8
2025-09-23,-103.8,58325.0
2025-09-24,241.0,58566.0
2025-09-25,-253.4,58312.6
2025-09-26,-418.3,57894.3
2025-09-29,518.0,58412.3
2025-09-30,429.9,58842.2
2025-10-01,675.8,59518.0
2025-10-02,627.2,60145.2
2025-10-03,985.1,61130.3
2025-10-06,1205.2,62335.5
2025-10-07,875.6,63211.1
2025-10-08,440.7,63651.8
2025-10-09,197.8,63849.6
2025-10-10,-4.5,63845.1
2025-10-13,-326.4,63518.7
2025-10-14,102.7,63621.4
2025-10-15,-104.1,63517.3
2025-10-16,-530.9,62986.4
2025-10-17,-366.6,62619.8
2025-10-20,-40.4,62579.4
2025-10-21,477.2,63056.6
2025-10-22,-101.4,62955.2
2025-10-23,20.3,62975.5
2025-10-24,90.6,63066.1
2025-10-27,149.3,63215.4
2025-10-28,202.4,63417.8
2025-10-29,-470.7,62947.1
2025-10-30,-488.4,62458.7
2025-10-31,-191.6,62267.1
2025-11-03,-186.5,62080.6
2025-11-04,-566.4,61514.2
2025-11-05,-137.0,61377.2
2025-11-06,239.9,61617.1
2025-11-07,-558.4,61058.7
2025-11-10,1.2,61059.9
2025-11-11,524.0,61583.9
2025-11-12,-278.1,61305.8
2025-11-13,-866.7,60439.1
2025-11-14,-492.1,59947.0
2025-11-17,-254.6,59692.4
2025-11-18,-372.8,59319.6
2025-11-19,75.4,59395.0
2025-11-20,-903.2,58491.8
2025-11-21,238.4,58730.2
2025-11-24,-151.0,58579.2
2025-11-25,128.7,58707.9
2025-11-26,21.1,58729.0
2025-11-28,71.4,58800.4
2025-12-01,8.5,58808.9
2025-12-02,58.5,58867.4
2025-12-03,-14.9,58852.5
2025-12-04,-194.6,58657.9
2025-12-05,54.8,58712.7
2025-12-08,-60.4,58652.3
2025-12-09,151.9,58804.2
2025-12-10,223.5,59027.7
2025-12-11,-77.5,58950.2
2025-12-12,49.1,58999.3
2025-12-15,-357.6,58641.7
2025-12-16,-277.2,58364.5
2025-12-17,457.3,58821.8
2025-12-18,-161.3,58660.5
2025-12-19,-158.3,58502.2
2025-12-22,-142.2,58360.0
2025-12-23,-188.6,58171.4
2025-12-24,-175.3,57996.1
2025-12-26,-275.9,57720.2
2025-12-29,-19.3,57700.9
2025-12-30,355.1,58056.0
2025-12-31,-348.1,57707.9
2026-01-02,471.3,58179.2
2026-01-05,697.2,58876.4
2026-01-06,-243.2,58633.2
2026-01-07,-486.1,58147.1
2026-01-08,-398.8,57748.3
2026-01-09,-250.0,57498.3
2026-01-12,116.7,57615.0
2026-01-13,753.8,58368.8
2026-01-14,840.6,59209.4
2026-01-15,100.2,59309.6
2026-01-16,-394.7,58914.9
2026-01-20,-479.7,58435.2
2026-01-21,-708.7,57726.5
2026-01-22,-32.2,57694.3
2026-01-23,-103.5,57590.8
2026-01-26,6.8,57597.6
2026-01-27,-147.4,57450.2
2026-01-28,-19.6,57430.6
2026-01-29,-817.8,56612.8
2026-01-30,-509.7,56103.1
2026-02-02,561.8,56664.9
2026-02-03,-272.0,56392.9
2026-02-04,-544.9,55848.0
2026-02-05,-434.1,55413.9
2026-02-06,371.1,55785.0
2026-02-09,144.9,55929.9
2026-02-10,166.5,56096.4
2026-02-11,-276.3,55820.1
2026-02-12,-410.2,55409.9
2026-02-13,15.1,55425.0
2026-02-17,-104.9,55320.1
2026-02-18,-133.3,55186.8
2026-02-19,-165.8,55021.0
2026-02-20,88.1,55109.1
2026-02-23,-203.8,54905.3
2026-02-24,257.7,55163.0
2026-02-25,506.6,55669.6
2026-02-26,254.4,55924.0
2026-02-27,-27.5,55896.5
2026-03-02,458.2,56354.7
2026-03-03,225.2,56579.9
2026-03-04,461.9,57041.8
2026-03-05,-227.9,56813.9
2026-03-06,-348.9,56465.0
2026-03-09,167.1,56632.1
2026-03-10,246.9,56879.0
2026-03-11,115.2,56994.2
2026-03-12,53.8,57048.0
2026-03-13,180.4,57228.4
2026-03-16,199.4,57427.8
2026-03-17,199.4,57627.2
2026-03-18,-163.5,57463.7
2026-03-19,-90.2,57373.5
2026-03-20,-52.0,57321.5
2026-03-23,167.2,57488.7
2026-03-24,-74.5,57414.2
2026-03-25,7.8,57422.0
2026-03-26,-171.3,57250.7
2026-03-27,-225.5,57025.2
2026-03-30,69.4,57094.6
2026-03-31,117.5,57212.1
2026-04-01,-173.7,57038.4
2026-04-02,9.0,57047.4
2026-04-06,471.4,57518.8
2026-04-07,-159.1,57359.7
2026-04-08,-93.9,57265.8
2026-04-09,358.1,57623.9
2026-04-10,256.7,57880.6
2026-04-13,-291.0,57589.6
2026-04-14,411.4,58001.0
2026-04-15,186.1,58187.1
2026-04-16,26.1,58213.2
2026-04-17,663.9,58877.1
2026-04-20,238.4,59115.5
2026-04-21,11.8,59127.3
2026-04-22,335.8,59463.1
2026-04-23,223.3,59686.4
2026-04-24,14.4,59700.8
2026-04-27,-263.2,59437.6
2026-04-28,-89.7,59347.9
2026-04-29,-137.6,59210.3
2026-04-30,23.5,59233.8
2026-05-01,629.8,59863.6
2026-05-04,532.3,60395.9
2026-05-05,467.3,60863.2
2026-05-06,46.2,60909.4
2026-05-07,-268.5,60640.9
2026-05-08,-145.7,60495.2
2026-05-11,27.2,60522.4
2026-05-12,-233.2,60289.2
2026-05-13,-630.4,59658.8
2026-05-14,131.3,59790.1
2026-05-15,-290.4,59499.7
2026-05-18,-648.6,58851.1
2026-05-19,-331.1,58520.0
2026-05-20,-70.5,58449.5
2026-05-21,-100.9,58348.6
2026-05-22,-105.2,58243.4
2026-05-26,-333.6,57909.8
2026-05-27,-733.4,57176.4
2026-05-28,-223.3,56953.1
2026-05-29,-125.3,56827.8
2026-06-01,-483.8,56344.0
2026-06-02,-519.1,55824.9
2026-06-03,-396.6,55428.3
2026-06-04,3.2,55431.5
2026-06-05,-325.7,55105.8
2026-06-08,-91.4,55014.4
2026-06-09,-77.4,54937.0
2026-06-10,-213.9,54723.1
2026-06-11,-22.5,54700.6
2026-06-12,85.9,54786.5
2026-06-15,-64.8,54721.7
2026-06-16,10.2,54731.9
2026-06-17,-82.2,54649.7
2026-06-18,-90.7,54559.0
2026-06-22,-68.3,54490.7
2026-06-23,-113.8,54376.9
2026-06-24,-469.0,53907.9
2026-06-25,-691.7,53216.2
2026-06-26,-444.5,52771.7
2026-06-29,-231.0,52540.7
2026-06-30,-222.6,52318.1
2026-07-01,-296.0,52022.1
2026-07-02,223.5,52245.6
2026-07-06,265.7,52511.3
2026-07-07,21.5,52532.8
2026-07-08,-84.9,52447.9
2026-07-09,-95.3,52352.6
2026-07-10,90.4,52443.0
2026-07-13,-424.7,52018.3
2026-07-14,181.1,52199.4
2026-07-15,107.7,52307.1
2026-07-16,79.1,52386.2
2026-07-17,132.3,52518.5
2026-07-20,226.8,52745.3
2026-07-21,203.2,52948.5
2026-07-22,69.1,53017.6
2026-07-23,-225.1,52792.5
